CER,WER,Accuracy,Learning Rate
0.063561748425272,0.16824196597353497,0.35,5e-05
